parent,child,weight
0,1,0.13580264133714004
1,2,1.259390122656022
1,3,0.06721261868724902
2,4,0.5630779719921615
2,5,3.013706704812564
3,6,2.880407180943022
3,7,5.819237748760389
4,8,3.86152764863867
4,9,3.9349632500137206
5,10,2.7865578222249274
5,11,3.4972819529646593
6,12,3.9028523274114284
6,13,1.0059667338214018
7,14,0.96529300519684
7,15,1.133762779148395
8,16,1.3482363095263186
8,17,0.2096324044745673
9,18,0.9155840812921909
9,19,0.786757134411447
10,20,2.813129755076921
10,21,0.2981028521026173
11,22,3.4861340912937244
11,23,0.583660108082473
12,24,0.0174533830328697
12,25,0.022856123477771464
13,26,3.2577704815180826
13,27,0.06080808118193582
14,28,0.8054705556469848
14,29,5.514083032534773
15,30,0.006532111555932434
15,31,0.19193608896876496
16,32,1.5285749278910525
16,33,1.678319172339602
17,34,0.029695370098568902
17,35,0.18974584576663078
18,36,0.7009944643708227
18,37,1.7061110541768574
19,38,0.2505269453933565
19,39,0.43165157154659406
20,40,2.7607644912193368
20,41,1.3649764143455687
21,42,0.033781815005309815
21,43,0.04642845297649181
22,44,1.2006546532681015
22,45,1.607389368268251
23,46,1.228333330940153
23,47,5.40595178795975
24,48,0.028080003329162405
24,49,1.3835512747626606
25,50,0.6668261646496076
25,51,0.1837503238109692
26,52,1.5691881904941898
26,53,1.8234946231529827
27,54,3.717630463696152
27,55,3.5023516713127494
28,56,0.3478745244655518
28,57,3.253452539486184
29,58,0.3163174745750416
29,59,0.5025972793193246
30,60,7.0005229236368525
30,61,0.8225631560481782
31,62,1.5471557727297909
31,63,0.8972302779592995
32,64,1.4931758711127272
32,65,7.205215087989514
33,66,1.3223545054190207
33,67,0.11915004936429621
34,68,0.44658352144500085
34,69,0.5101416221746383
35,70,0.009797251617042462
35,71,0.4333823851528412
36,72,0.2515735651849393
36,73,2.665443420653999
37,74,0.6712659722492758
37,75,0.10789989466824135
38,76,0.926874036957298
38,77,2.988959812271664
39,78,1.6314798269181545
39,79,1.4726872351389897
40,80,0.5792271579130954
40,81,1.1394390420112592
41,82,0.0014177069162251105
41,83,0.5134404212841166
42,84,0.1558948077804723
42,85,0.7226879479298668
43,86,0.2344004193294039
43,87,0.06266330821864638
44,88,0.6028132317551295
44,89,0.5076860559618042
45,90,1.0180309909201777
45,91,0.6242672590477913
46,92,0.003123985368874681
46,93,0.2657971840747875
47,94,2.504849205310737
47,95,0.8956875757661736
48,96,0.30876378894413664
48,97,0.664062575527224
49,98,5.136415257246023
49,99,1.9967823289626845
50,100,1.223077254663234
50,101,0.3023589467595461
51,102,0.10098782471483311
51,103,0.5326271258164316
52,104,0.3501922331787729
52,105,0.0426253203348367
53,106,1.6187961426832693
53,107,0.6065962595180551
54,108,1.0634547906287548
54,109,1.2656356459746314
55,110,2.439946429824366
55,111,0.19768723444605849
56,112,0.06065023218518996
56,113,0.0029850094374530233
57,114,1.1218606719158624
57,115,3.6892878450176134
58,116,4.370365723747406
58,117,0.10736187387488244
59,118,0.1183377226540462
59,119,0.5012543393594
60,120,0.011365264996931324
60,121,0.06521376044882349
61,122,0.4503941240738481
61,123,0.04376720478755169
62,124,1.09781548562804
62,125,3.4014619108281963
63,126,0.2984235832984277
63,127,0.4795033416234603
64,128,0.00457841066773452
64,129,2.3459518171079283
65,130,0.6555324952382713
65,131,0.0016837354134345169
66,132,2.3824617453237558
66,133,0.001326223422596642
67,134,1.2581798540066291
67,135,3.5982028518817675
68,136,1.2062567911050401
68,137,0.15994098834557527
69,138,1.7268036956142938
69,139,0.5703874236170514
70,140,1.487138695872339
70,141,0.5499033010775431
71,142,1.422355314881162
71,143,5.744773529435923
72,144,0.3026829002983846
72,145,0.9488183978153847
73,146,1.688903745092876
73,147,0.8095302021179254
74,148,7.675213070550188
74,149,0.00038821334652882846
75,150,0.35647334042021905
75,151,0.36877922328565116
76,152,0.000034144349624216335
76,153,0.8269362486997683
77,154,0.17808302209643098
77,155,5.822165633363627
78,156,0.761026850065363
78,157,3.638485830351665
79,158,0.0076563607512254795
79,159,1.2210329575197159
80,160,0.9929323918634543
80,161,0.10441373965668775
81,162,0.080604994652803
81,163,4.241200493345674
82,164,3.233683535134214
82,165,0.9067704467292437
83,166,0.14444829306681914
83,167,2.092630576775464
84,168,1.978671341370189
84,169,0.24523793036277763
85,170,0.4362285992360492
85,171,0.07839626489247968
86,172,0.6153610899946669
86,173,2.4379542674301184
87,174,1.405473922308643
87,175,0.3533238595696833
88,176,0.33551017615973616
88,177,0.01387617315241099
89,178,3.1836585354018143
89,179,0.6103968499909019
90,180,1.7461851749480877
90,181,0.7977643226970342
91,182,1.2224119795045942
91,183,0.419541269758131
92,184,0.03520975210476201
92,185,0.7444467260536517
93,186,5.579608562929559
93,187,0.27207356188844684
94,188,0.5526203383339706
94,189,0.31963140602501783
95,190,1.1697396643878872
95,191,0.25877779397350703
96,192,1.7434712651384836
96,193,0.27046619344470735
97,194,0.08098870406071365
97,195,0.34971595565682684
98,196,0.3048663823032479
98,197,0.12333553928040052
99,198,0.3973938151771702
99,199,0.1655868570831489
100,200,0.3853635100748108
100,201,1.4278007345635682
101,202,0.050299609405284905
101,203,0.627933414854439
102,204,0.03502883537515075
102,205,0.6303928618200559
103,206,0.8345246828233629
103,207,0.5213404576899888
104,208,2.748024432665216
104,209,4.00407277324077
105,210,2.8853425354133133
105,211,0.952255445689268
106,212,1.5638269102041442
106,213,0.011871771428929428
107,214,0.6628777594219255
107,215,1.1021106137262764
108,216,0.13740997841696717
108,217,0.26543602277266526
109,218,2.4155527198739652
109,219,0.8120780865000234
110,220,1.60174398853567
110,221,0.31573064096485054
111,222,0.16216842464304704
111,223,0.6253118265051427
112,224,1.389492548127933
112,225,4.373512502070627
113,226,1.0130414945238255
113,227,0.18251384169310517
114,228,0.3143931385443105
114,229,0.26556292544240906
115,230,0.05681418727726492
115,231,2.2334346070281286
116,232,0.04679040931217665
116,233,0.6034847771499541
117,234,3.343294291206699
117,235,0.2752423346235174
118,236,1.1473877453188572
118,237,0.036767247595574926
119,238,0.010526695204559755
119,239,0.3266638680774608
120,240,2.9551024791896245
120,241,0.11958572663182908
121,242,1.6376612675797193
121,243,0.05038713696181322
122,244,0.801487535433742
122,245,0.4818008152366906
123,246,0.17600305456048182
123,247,0.264580205780438
124,248,0.21062017768242314
124,249,2.2350146442807985
125,250,0.014411124010652445
125,251,0.8791740142907913
126,252,3.431261971173935
126,253,0.34173929698608785
127,254,0.8397969015729566
127,255,5.510497898912894
